{"_wandb":{"runtime":157},"avg_rmse":17.294684665418835,"avg_sharpe":-0.016869933305238873,"_timestamp":1.748090188077775e+09,"_runtime":157.589849,"_step":0}