{"_step":0,"_wandb":{"runtime":92},"avg_rmse":16.882081278138138,"avg_sharpe":-0.016794740323833778,"_timestamp":1.748090029478497e+09,"_runtime":92.649641}