{"_runtime":117.786585,"_step":0,"avg_rmse":17.12678246362072,"avg_sharpe":-0.015346315237895541,"_timestamp":1.748161461632252e+09,"_wandb":{"runtime":117}}