{"avg_rmse":17.102402285387964,"avg_sharpe":-0.016070240509490026,"_timestamp":1.74814740557089e+09,"_runtime":10506.841068,"_wandb":{"runtime":10506},"_step":0}