{"avg_sharpe":-0.017665162494042364,"_timestamp":1.7481579653414478e+09,"_runtime":1996.171697,"_wandb":{"runtime":1996},"_step":0,"avg_rmse":17.833222906522398}