{"avg_sharpe":-0.019444542883287265,"_timestamp":1.748159228828614e+09,"_wandb":{"runtime":1260},"_runtime":1260.186221,"_step":0,"avg_rmse":16.97732926908226}