{"_timestamp":1.7481612708769019e+09,"_runtime":166.028402,"_step":0,"_wandb":{"runtime":166},"avg_rmse":17.423434681711626,"avg_sharpe":-0.011475062372395765}