{"_step":0,"_wandb":{"runtime":2155},"avg_rmse":17.85707774562735,"avg_sharpe":-0.012058862940037903,"_timestamp":1.748151003865779e+09,"_runtime":2155.492975}