{"_step":0,"_wandb":{"runtime":130},"avg_rmse":16.873826620307536,"avg_sharpe":-0.013815127376062563,"_timestamp":1.74815936114063e+09,"_runtime":130.908383}