{"_wandb":{"runtime":59},"avg_rmse":16.88876215250957,"avg_sharpe":-0.013552590887052091,"_timestamp":1.74816152232438e+09,"_runtime":59.592339,"_step":0}