{"_step":0,"_wandb":{"runtime":92},"avg_rmse":17.28809853250096,"avg_sharpe":-0.021338852777520297,"_timestamp":1.74816161576447e+09,"_runtime":92.372237}