{"avg_sharpe":-0.018644482839799942,"_timestamp":1.748161103702827e+09,"_runtime":150.489112,"_step":0,"_wandb":{"runtime":150},"avg_rmse":17.021787179081162}