{"avg_sharpe":-0.008475665261866796,"_wandb":{"runtime":1227},"_timestamp":1.748119255789139e+09,"_runtime":1227.041029,"_step":0,"avg_rmse":17.815964148745643}