{"avg_sharpe":-0.022779149985268556,"_timestamp":1.748155967262199e+09,"_runtime":4960.125409,"_step":0,"_wandb":{"runtime":4960},"avg_rmse":17.719897120609573}