{"avg_sharpe":-0.02030963202159739,"_wandb":{"runtime":110},"_timestamp":1.7481594755022678e+09,"_runtime":110.429668,"_step":0,"avg_rmse":17.000421503893207}