{"avg_rmse":17.029705916795393,"_wandb":{"runtime":70},"avg_sharpe":-0.017918235439615522,"_timestamp":1.748161342709843e+09,"_runtime":70.770542,"_step":0}