{"_runtime":13637.318488,"_step":0,"avg_rmse":17.12466286838846,"avg_sharpe":-0.01909019557365705,"_timestamp":1.7481328941853771e+09,"_wandb":{"runtime":13637}}