{"_step":0,"_wandb":{"runtime":1440},"avg_rmse":17.119051454086282,"avg_sharpe":-0.013403084548024895,"_timestamp":1.748148846899078e+09,"_runtime":1440.232403}