{"_runtime":851.169977,"_step":0,"_wandb":{"runtime":851},"avg_rmse":17.396722366519786,"avg_sharpe":-0.009697556863465597,"_timestamp":1.748091040236162e+09}